mep_id,role_id,comm_id,delg_id
20198,110,,60
20201,110,,120
20214,110,,380
20190,110,,385
20219,110,,130
20212,110,,390
20157,110,,140
20238,110,,10
20266,110,,20
20235,110,,60
20275,110,,440
20231,110,,480
20049,110,,410
1,110,,460
20074,110,,210
20117,110,,280
20113,110,,160
40051,110,,430
20095,110,20,
20285,110,30,
20235,110,40,
40039,110,50,
20027,110,70,
40047,110,80,
40037,110,90,
40020,110,100,
20200,110,110,
20193,110,120,
20090,110,150,
20204,110,160,
40031,110,180,
20093,110,190,
20135,110,220,
20231,140,,260
20175,140,,330
20159,140,,100
20177,140,,385
20186,140,,440
20265,140,,30
20249,140,,30
20241,140,,40
20261,140,,50
20263,140,,70
20234,140,,430
20009,140,,440
20252,140,,480
20055,140,,310
20059,140,,330
20068,140,,100
20038,140,,160
20066,140,,180
20028,140,,440
20002,140,,210
20144,140,,280
20110,140,,40
20130,140,,50
20097,140,,90
20081,140,,380
20134,140,,130
20125,140,,150
20087,140,,440
20091,140,,230
20078,140,,240
40016,140,,120
40033,140,,140
40066,140,,150
40049,140,,440
40063,140,,240
20143,140,30,
20087,140,40,
20120,140,50,
40036,140,50,
20222,140,60,
20287,140,60,
20166,140,70,
20067,140,80,
20220,140,90,
20091,140,90,
20172,140,100,
20205,140,120,
20226,140,130,
20133,140,130,
20221,140,140,
20011,140,140,
20197,140,150,
20025,140,150,
20066,140,170,
20180,140,180,
20238,140,180,
20282,140,190,
20029,140,200,
20088,140,200,
20128,140,210,
20141,140,210,
20113,140,230,
40052,140,230,
20211,170,,260
20156,170,,260
20218,170,,10
20199,170,,20
20170,170,,280
20166,170,,280
20178,170,,30
20161,170,,30
20189,170,,40
20216,170,,50
20224,170,,310
20210,170,,310
20180,170,,310
20155,170,,310
20197,170,,310
20204,170,,310
20165,170,,60
20203,170,,60
20213,170,,70
20172,170,,330
20207,170,,80
20208,170,,90
20177,170,,90
20196,170,,90
20174,170,,100
20228,170,,110
20202,170,,110
20158,170,,370
20171,170,,370
20219,170,,120
20174,170,,120
20168,170,,380
20206,170,,385
20215,170,,385
20199,170,,385
20154,170,,130
20222,170,,390
20187,170,,140
20223,170,,410
20192,170,,160
20220,170,,170
20164,170,,170
20217,170,,180
20230,170,,180
20227,170,,180
20193,170,,180
20225,170,,440
20176,170,,440
20226,170,,440
20162,170,,440
20169,170,,440
20181,170,,440
20195,170,,440
20209,170,,200
20220,170,,200
20174,170,,460
20230,170,,460
20157,170,,460
20184,170,,460
20163,170,,210
20185,170,,210
20216,170,,220
20153,170,,220
20152,170,,220
20223,170,,480
20222,170,,480
20211,170,,480
20161,170,,480
20155,170,,480
20167,170,,480
20194,170,,480
20221,170,,230
20167,170,,230
20194,170,,240
20257,170,,10
20244,170,,10
20262,170,,280
20287,170,,280
20270,170,,30
20237,170,,30
20240,170,,30
20255,170,,50
20277,170,,310
20259,170,,60
20243,170,,60
20264,170,,70
20008,170,,330
20256,170,,80
20251,170,,100
20247,170,,110
20263,170,,370
20269,170,,370
20266,170,,120
20276,170,,120
20286,170,,385
20248,170,,385
20268,170,,130
20267,170,,390
20254,170,,390
20009,170,,390
20252,170,,140
20271,170,,410
20008,170,,410
20272,170,,160
20246,170,,160
20232,170,,160
20250,170,,160
20275,170,,170
20270,170,,430
20285,170,,430
20258,170,,440
20274,170,,440
20006,170,,440
20282,170,,440
20283,170,,440
20241,170,,440
20239,170,,440
20233,170,,440
20010,170,,200
20272,170,,460
20279,170,,460
20281,170,,460
20007,170,,460
20006,170,,460
20004,170,,460
20280,170,,220
20236,170,,220
20271,170,,480
20258,170,,480
20263,170,,480
20261,170,,480
20255,170,,480
20284,170,,480
20234,170,,480
20241,170,,480
20250,170,,480
20250,170,,230
20278,170,,240
20276,170,,240
20018,170,,260
20015,170,,260
20070,170,,10
20053,170,,20
20003,170,,30
20015,170,,40
20043,170,,50
20002,170,,310
20016,170,,310
20047,170,,310
20075,170,,310
20013,170,,60
20040,170,,60
20048,170,,60
20073,170,,60
20039,170,,70
20054,170,,70
20024,170,,330
20021,170,,330
20012,170,,80
20061,170,,100
20019,170,,110
20037,170,,370
20071,170,,370
20023,170,,120
20033,170,,120
20003,170,,380
20064,170,,385
20011,170,,140
20043,170,,140
20028,170,,150
20032,170,,150
20046,170,,150
20060,170,,150
20027,170,,410
20017,170,,160
20041,170,,160
20019,170,,420
20031,170,,420
20037,170,,420
20029,170,,420
20045,170,,170
20062,170,,170
20058,170,,180
20025,170,,440
20042,170,,440
20052,170,,440
20063,170,,440
20059,170,,440
20037,170,,200
20030,170,,200
20061,170,,200
20002,170,,460
20038,170,,460
20072,170,,460
20034,170,,210
20035,170,,210
20036,170,,210
20029,170,,210
20057,170,,210
20067,170,,210
20076,170,,210
20026,170,,220
20065,170,,220
20030,170,,480
20063,170,,480
20020,170,,230
20044,170,,230
20146,170,,260
20149,170,,260
20100,170,,260
20088,170,,20
20112,170,,280
20131,170,,280
20147,170,,280
20123,170,,280
20115,170,,30
20105,170,,30
20108,170,,40
20106,170,,40
20105,170,,50
20143,170,,310
20127,170,,60
20102,170,,70
20116,170,,330
20102,170,,80
20118,170,,90
20140,170,,90
20145,170,,100
20101,170,,110
20136,170,,370
20096,170,,120
20099,170,,120
20086,170,,380
20097,170,,385
20102,170,,130
20079,170,,130
20117,170,,390
20109,170,,140
20095,170,,140
20077,170,,140
20137,170,,140
20139,170,,150
20107,170,,410
20129,170,,410
20128,170,,410
20093,170,,160
20083,170,,160
20098,170,,420
20119,170,,170
20093,170,,170
20082,170,,180
20089,170,,180
20124,170,,180
20121,170,,440
20095,170,,440
20133,170,,440
20135,170,,440
20087,170,,200
20096,170,,200
20107,170,,460
20113,170,,460
20090,170,,460
20125,170,,460
20103,170,,210
20120,170,,210
20141,170,,210
20132,170,,210
20084,170,,220
20091,170,,480
20096,170,,480
20078,170,,480
20146,170,,480
20130,170,,480
20105,170,,230
20093,170,,230
20148,170,,230
20151,170,,230
20104,170,,240
20080,170,,240
20150,170,,240
40016,170,,10
40020,170,,280
40069,170,,280
40057,170,,280
40023,170,,30
40042,170,,30
40038,170,,40
40035,170,,40
40025,170,,50
40047,170,,50
40046,170,,310
40028,170,,310
40024,170,,310
40031,170,,310
40058,170,,310
40013,170,,330
40044,170,,330
40029,170,,330
40018,170,,80
40022,170,,80
40067,170,,90
40016,170,,100
40030,170,,100
40018,170,,120
40043,170,,120
40026,170,,380
40055,170,,380
40017,170,,385
40059,170,,385
40068,170,,390
40026,170,,390
40070,170,,140
40061,170,,140
40054,170,,140
40016,170,,150
40053,170,,150
40015,170,,160
40027,170,,160
40065,170,,160
40015,170,,170
40019,170,,170
40041,170,,170
40050,170,,170
40064,170,,170
40065,170,,180
40048,170,,180
40023,170,,440
40014,170,,440
40045,170,,440
40034,170,,440
40028,170,,440
40039,170,,440
40051,170,,200
40023,170,,460
40015,170,,460
40040,170,,460
40041,170,,460
40050,170,,460
40029,170,,210
40062,170,,210
40012,170,,220
40015,170,,480
40023,170,,480
40064,170,,480
40047,170,,480
40060,170,,480
40028,170,,230
40060,170,,230
20208,170,10,
20224,170,10,
20174,170,10,
20194,170,10,
20266,170,10,
20283,170,10,
20005,170,10,
20234,170,10,
20028,170,10,
20019,170,10,
20047,170,10,
20039,170,10,
20049,170,10,
20066,170,10,
20120,170,10,
20107,170,10,
20080,170,10,
20084,170,10,
20133,170,10,
20131,170,10,
20138,170,10,
40014,170,10,
40013,170,10,
40046,170,10,
40034,170,10,
40031,170,10,
40058,170,10,
20209,170,20,
20225,170,20,
20206,170,20,
20275,170,20,
20007,170,20,
20012,170,20,
20062,170,20,
20073,170,20,
20068,170,20,
20087,170,20,
20088,170,20,
20124,170,20,
40015,170,20,
40064,170,20,
20212,170,30,
20221,170,30,
20159,170,30,
20270,170,30,
20276,170,30,
20031,170,30,
20062,170,30,
20111,170,30,
20127,170,30,
20139,170,30,
40018,170,30,
40065,170,30,
20212,170,40,
20211,170,40,
20218,170,40,
20227,170,40,
20231,170,40,
20229,170,40,
20159,170,40,
20157,170,40,
20198,170,40,
20185,170,40,
20206,170,40,
20263,170,40,
20273,170,40,
20270,170,40,
20276,170,40,
20240,170,40,
20002,170,40,
20022,170,40,
20016,170,40,
20036,170,40,
20034,170,40,
20062,170,40,
20102,170,40,
20111,170,40,
20097,170,40,
20137,170,40,
20142,170,40,
20125,170,40,
40018,170,40,
40015,170,40,
40016,170,40,
40017,170,40,
40033,170,40,
40064,170,40,
20215,170,50,
20225,170,50,
20217,170,50,
20176,170,50,
20186,170,50,
20241,170,50,
20059,170,50,
20121,170,50,
20078,170,50,
20135,170,50,
20136,170,50,
40068,170,50,
40030,170,50,
40049,170,50,
40062,170,50,
20230,170,60,
20154,170,60,
20203,170,60,
20260,170,60,
20258,170,60,
20271,170,60,
20252,170,60,
20284,170,60,
20001,170,60,
20046,170,60,
20122,170,60,
20079,170,60,
20100,170,60,
40023,170,60,
40025,170,60,
40050,170,60,
40053,170,60,
20168,170,70,
20158,170,70,
20261,170,70,
20256,170,70,
20006,170,70,
20247,170,70,
20237,170,70,
20012,170,70,
20015,170,70,
20038,170,70,
20063,170,70,
20072,170,70,
20075,170,70,
20104,170,70,
20112,170,70,
20094,170,70,
20077,170,70,
40070,170,70,
40069,170,70,
40040,170,70,
40032,170,70,
40047,170,70,
40051,170,70,
20215,170,80,
20168,170,80,
20160,170,80,
20205,170,80,
20004,170,80,
20017,170,80,
20054,170,80,
20072,170,80,
20112,170,80,
20104,170,80,
20079,170,80,
20077,170,80,
20101,170,80,
40040,170,80,
40027,170,80,
40051,170,80,
20209,170,90,
20163,170,90,
20155,170,90,
20186,170,90,
20257,170,90,
20277,170,90,
20009,170,90,
20233,170,90,
20003,170,90,
20026,170,90,
20020,170,90,
20023,170,90,
20044,170,90,
20071,170,90,
20074,170,90,
20096,170,90,
20132,170,90,
20123,170,90,
40013,170,90,
40045,170,90,
20219,170,100,
20162,170,100,
20202,170,100,
20199,170,100,
20189,170,100,
20188,170,100,
20253,170,100,
20246,170,100,
20251,170,100,
20021,170,100,
20030,170,100,
20037,170,100,
20040,170,100,
20076,170,100,
20124,170,100,
40042,170,100,
40011,170,100,
40061,170,100,
40056,170,100,
40066,170,100,
40060,170,100,
40054,170,100,
20167,170,110,
20196,170,110,
20267,170,110,
20266,170,110,
20283,170,110,
20281,170,110,
20239,170,110,
20250,170,110,
20234,170,110,
20243,170,110,
20028,170,110,
20018,170,110,
20042,170,110,
20032,170,110,
20066,170,110,
20107,170,110,
20109,170,110,
20114,170,110,
20092,170,110,
20080,170,110,
20134,170,110,
20133,170,110,
20130,170,110,
40014,170,110,
40034,170,110,
40058,170,110,
20224,170,120,
20228,170,120,
20156,170,120,
20161,170,120,
20269,170,120,
20279,170,120,
20234,170,120,
20039,170,120,
20033,170,120,
20047,170,120,
20049,170,120,
20065,170,120,
20053,170,120,
20110,170,120,
20120,170,120,
20081,170,120,
20149,170,120,
40046,170,120,
40026,170,120,
40001,170,120,
40065,170,120,
20213,170,130,
20214,170,130,
20164,170,130,
20187,170,130,
20265,170,130,
20264,170,130,
20242,170,130,
20233,170,130,
20048,170,130,
20143,170,130,
20147,170,130,
20146,170,130,
20148,170,130,
40063,170,130,
20223,170,140,
20174,170,140,
20274,170,140,
20004,170,140,
20286,170,140,
20249,170,140,
20019,170,140,
20060,170,140,
20067,170,140,
20105,170,140,
20106,170,140,
20115,170,140,
20117,170,140,
20082,170,140,
20131,170,140,
20128,170,140,
40071,170,140,
40027,170,140,
20207,170,150,
20208,170,150,
20175,170,150,
20178,170,150,
20153,170,150,
20170,170,150,
20184,170,150,
20194,170,150,
20259,170,150,
20278,170,150,
20008,170,150,
20013,170,150,
20043,170,150,
20054,170,150,
20119,170,150,
20108,170,150,
20127,170,150,
40024,170,150,
40044,170,150,
40043,170,150,
20177,170,160,
20171,170,160,
20254,170,160,
20008,170,160,
20232,170,160,
20244,170,160,
20236,170,160,
20001,170,160,
20058,170,160,
20070,170,160,
20069,170,160,
20118,170,160,
20084,170,160,
20083,170,160,
20150,170,160,
20101,170,160,
20099,170,160,
40067,170,160,
40059,170,160,
40048,170,160,
20271,170,170,
20259,170,170,
20277,170,170,
20255,170,170,
20044,170,170,
20030,170,170,
20051,170,170,
20117,170,170,
20084,170,170,
20083,170,170,
20102,170,170,
20099,170,170,
40024,170,170,
40048,170,170,
40051,170,170,
20152,170,180,
20201,170,180,
20195,170,180,
20024,170,180,
20035,170,180,
20057,170,180,
20103,170,180,
20089,170,180,
20148,170,180,
20140,170,180,
20151,170,180,
40038,170,180,
40035,170,180,
40028,170,180,
20169,170,190,
20165,170,190,
20181,170,190,
20190,170,190,
20245,170,190,
20045,170,190,
20064,170,190,
20145,170,190,
20144,170,190,
20123,170,190,
40022,170,190,
40055,170,190,
20160,170,200,
20182,170,200,
20192,170,200,
20268,170,200,
20272,170,200,
20280,170,200,
20232,170,200,
20248,170,200,
20014,170,200,
20031,170,200,
20041,170,200,
20061,170,200,
20056,170,200,
20052,170,200,
20116,170,200,
20095,170,200,
20086,170,200,
20129,170,200,
20098,170,200,
40019,170,200,
40012,170,200,
40041,170,200,
40052,170,200,
20210,170,210,
20183,170,210,
20275,170,210,
20262,170,210,
20010,170,210,
20055,170,210,
20073,170,210,
40029,170,210,
40057,170,210,
20213,170,220,
20193,170,220,
20202,170,220,
20201,170,220,
20287,170,220,
20009,170,220,
20004,170,220,
20245,170,220,
20021,170,220,
20116,170,220,
20081,170,220,
20138,170,220,
20150,170,220,
40042,170,220,
20215,170,230,
20216,170,230,
20180,170,230,
20171,170,230,
20202,170,230,
20186,170,230,
20282,170,230,
20243,170,230,
20242,170,230,
20016,170,230,
20046,170,230,
20038,170,230,
20109,170,230,
40068,170,230,
40030,170,230,
40043,170,230,
40027,170,230,
40066,170,230,
20221,180,,260
20195,180,,260
20201,180,,10
20181,180,,20
20223,180,,280
20153,180,,280
20165,180,,280
20209,180,,30
20231,180,,40
20167,180,,40
20215,180,,50
20194,180,,50
20229,180,,310
20162,180,,310
20161,180,,310
20186,180,,310
20210,180,,60
20206,180,,60
20190,180,,330
20178,180,,90
20156,180,,110
20218,180,,120
20169,180,,120
20231,180,,380
20160,180,,380
20187,180,,380
20217,180,,385
20224,180,,140
20184,180,,140
20157,180,,150
20152,180,,150
20208,180,,410
20213,180,,410
20228,180,,410
20171,180,,410
20197,180,,410
20181,180,,160
20205,180,,160
20193,180,,420
20200,180,,420
20188,180,,170
20220,180,,180
20192,180,,180
20204,180,,180
20222,180,,440
20217,180,,440
20215,180,,440
20196,180,,440
20157,180,,200
20163,180,,200
20225,180,,460
20161,180,,460
20164,180,,460
20182,180,,460
20222,180,,210
20179,180,,210
20198,180,,210
20194,180,,220
20184,180,,220
20204,180,,220
20171,180,,480
20216,180,,230
20160,180,,230
20188,180,,230
20175,180,,240
20155,180,,240
20191,180,,240
20234,180,,260
20278,180,,10
20275,180,,20
20276,180,,20
20238,180,,280
20264,180,,30
20280,180,,30
20281,180,,50
20255,180,,310
20254,180,,310
20245,180,,310
20244,180,,310
20263,180,,60
20273,180,,60
20253,180,,60
20280,180,,60
20253,180,,70
20007,180,,330
20282,180,,80
20005,180,,90
20239,180,,90
20268,180,,100
20253,180,,100
20287,180,,100
20267,180,,110
20242,180,,110
20270,180,,370
20271,180,,370
20008,180,,370
20239,180,,370
20270,180,,120
20270,180,,380
20241,180,,380
20259,180,,385
20285,180,,385
20250,180,,130
20008,180,,390
20248,180,,390
20263,180,,140
20277,180,,140
20234,180,,140
20258,180,,410
20274,180,,160
20007,180,,160
20249,180,,160
20260,180,,420
20250,180,,170
20231,180,,430
20287,180,,180
20259,180,,440
20271,180,,440
20267,180,,440
20007,180,,440
20242,180,,440
20243,180,,440
20246,180,,440
20250,180,,440
20258,180,,200
20276,180,,200
20276,180,,460
20275,180,,460
20251,180,,460
20010,180,,460
20005,180,,460
20249,180,,460
20242,180,,460
20273,180,,210
20260,180,,210
20262,180,,210
20252,180,,210
20283,180,,210
20008,180,,210
20245,180,,210
20006,180,,220
20232,180,,220
20262,180,,480
20009,180,,480
20009,180,,230
20241,180,,230
20231,180,,230
20246,180,,230
20260,180,,240
20231,180,,240
20023,180,,10
20021,180,,280
20051,180,,280
20069,180,,280
20074,180,,280
20026,180,,30
20021,180,,30
20044,180,,30
20014,180,,40
20051,180,,50
20041,180,,310
20037,180,,310
20066,180,,310
20061,180,,310
20012,180,,60
20054,180,,60
20022,180,,70
20042,180,,70
20028,180,,330
20029,180,,330
20073,180,,330
20042,180,,90
20046,180,,90
20063,180,,90
20037,180,,100
20033,180,,100
20050,180,,100
20056,180,,100
20021,180,,370
20031,180,,370
20059,180,,370
20056,180,,370
20038,180,,120
20056,180,,120
20074,180,,120
20017,180,,385
20024,180,,385
20039,180,,385
20059,180,,385
20012,180,,130
20025,180,,130
20068,180,,130
20035,180,,390
20064,180,,390
20003,180,,140
20060,180,,140
20065,180,,410
20047,180,,160
20016,180,,420
20032,180,,420
20046,180,,170
20069,180,,170
20015,180,,440
20002,180,,440
20017,180,,440
20031,180,,440
20037,180,,440
20045,180,,440
20058,180,,440
20036,180,,200
20018,180,,460
20015,180,,460
20011,180,,210
20049,180,,210
20048,180,,210
20072,180,,210
20071,180,,210
20027,180,,220
20029,180,,220
20044,180,,480
20058,180,,480
20108,180,,260
20103,180,,260
20080,180,,260
20090,180,,260
20084,180,,260
20111,180,,10
20092,180,,10
20101,180,,20
20106,180,,280
20076,180,,280
20109,180,,30
20097,180,,30
20136,180,,30
20094,180,,40
20151,180,,40
20150,180,,50
20114,180,,310
20109,180,,310
20123,180,,310
20112,180,,60
20092,180,,60
20089,180,,60
20134,180,,70
20113,180,,330
20129,180,,330
20111,180,,80
20086,180,,80
20145,180,,80
20118,180,,100
20086,180,,100
20122,180,,110
20128,180,,110
20086,180,,370
20097,180,,120
20131,180,,120
20121,180,,385
20085,180,,130
20145,180,,130
20097,180,,390
20115,180,,140
20143,180,,140
20110,180,,410
20135,180,,160
20139,180,,160
20087,180,,420
20145,180,,170
20103,180,,430
20142,180,,430
20132,180,,430
20121,180,,180
20141,180,,180
20146,180,,180
20078,180,,440
20081,180,,440
20137,180,,440
20145,180,,440
20130,180,,440
20126,180,,440
20098,180,,440
20119,180,,200
20079,180,,200
20077,180,,460
20097,180,,460
20086,180,,210
20138,180,,210
20120,180,,220
20151,180,,480
20121,180,,230
20091,180,,240
20146,180,,240
40017,180,,10
40031,180,,10
40043,180,,20
40050,180,,30
40019,180,,40
40069,180,,40
40048,180,,40
40027,180,,310
40037,180,,310
40024,180,,70
40047,180,,70
40062,180,,80
40034,180,,90
40012,180,,110
40030,180,,380
40013,180,,385
40063,180,,130
40022,180,,150
40030,180,,410
40051,180,,410
40052,180,,410
40041,180,,160
40040,180,,160
40049,180,,160
40045,180,,420
40028,180,,420
40056,180,,420
40070,180,,170
40013,180,,440
40026,180,,440
40036,180,,440
40011,180,,440
40026,180,,200
40016,180,,460
40028,180,,460
40049,180,,460
40054,180,,460
40065,180,,460
40054,180,,210
40044,180,,220
40036,180,,480
40049,180,,480
40045,180,,230
40025,180,,230
40038,180,,230
40057,180,,240
20213,180,10,
20228,180,10,
20161,180,10,
20167,180,10,
20193,180,10,
20196,180,10,
20200,180,10,
20269,180,10,
20267,180,10,
20265,180,10,
20250,180,10,
20236,180,10,
20003,180,10,
20024,180,10,
20018,180,10,
20012,180,10,
20015,180,10,
20044,180,10,
20070,180,10,
20109,180,10,
20134,180,10,
20128,180,10,
20149,180,10,
40027,180,10,
40055,180,10,
40048,180,10,
20218,180,20,
20177,180,20,
20160,180,20,
20263,180,20,
20250,180,20,
20045,180,20,
20041,180,20,
20037,180,20,
20036,180,20,
20097,180,20,
20143,180,20,
40036,180,20,
40025,180,20,
40026,180,20,
40052,180,20,
20176,180,30,
20231,180,30,
20157,180,30,
20187,180,30,
20273,180,30,
20240,180,30,
20015,180,30,
20055,180,30,
20071,180,30,
20086,180,30,
20132,180,30,
40016,180,30,
40068,180,30,
40066,180,30,
40055,180,30,
20221,180,40,
20210,180,40,
20222,180,40,
20178,180,40,
20167,180,40,
20163,180,40,
20169,180,40,
20183,180,40,
20182,180,40,
20200,180,40,
20187,180,40,
20191,180,40,
20201,180,40,
20007,180,40,
20285,180,40,
20006,180,40,
20232,180,40,
20251,180,40,
20012,180,40,
20044,180,40,
20068,180,40,
20055,180,40,
20059,180,40,
20072,180,40,
20074,180,40,
20076,180,40,
20117,180,40,
20088,180,40,
20095,180,40,
20132,180,40,
20127,180,40,
40068,180,40,
40028,180,40,
40025,180,40,
40065,180,40,
40049,180,40,
40055,180,40,
20180,180,50,
20230,180,50,
20162,180,50,
20185,180,50,
20199,180,50,
20283,180,50,
20239,180,50,
20028,180,50,
20045,180,50,
20050,180,50,
20138,180,50,
40015,180,50,
40014,180,50,
40034,180,50,
40053,180,50,
20218,180,60,
20209,180,60,
20226,180,60,
20257,180,60,
20233,180,60,
20017,180,60,
20026,180,60,
20027,180,60,
20043,180,60,
20058,180,60,
20103,180,60,
20137,180,60,
20124,180,60,
40018,180,60,
40024,180,60,
40011,180,60,
40056,180,60,
40047,180,60,
20215,180,70,
20210,180,70,
20228,180,70,
20160,180,70,
20157,180,70,
20171,180,70,
20189,180,70,
20196,180,70,
20252,180,70,
20286,180,70,
20005,180,70,
20246,180,70,
20235,180,70,
20120,180,70,
20102,180,70,
20087,180,70,
20129,180,70,
20140,180,70,
40012,180,70,
40036,180,70,
40057,180,70,
20177,180,80,
20228,180,80,
20189,180,80,
20197,180,80,
20254,180,80,
20253,180,80,
20040,180,80,
20063,180,80,
20053,180,80,
20109,180,80,
20094,180,80,
20148,180,80,
20133,180,80,
40013,180,80,
40070,180,80,
40012,180,80,
40057,180,80,
20175,180,90,
20156,180,90,
20166,180,90,
20165,180,90,
20161,180,90,
20172,180,90,
20256,180,90,
20286,180,90,
20287,180,90,
20285,180,90,
20237,180,90,
20245,180,90,
20242,180,90,
20046,180,90,
20047,180,90,
20053,180,90,
20063,180,90,
20067,180,90,
20122,180,90,
20094,180,90,
20142,180,90,
40017,180,90,
40020,180,90,
40021,180,90,
40031,180,90,
40029,180,90,
20173,180,100,
20152,180,100,
20198,180,100,
20270,180,100,
20267,180,100,
20255,180,100,
20281,180,100,
20248,180,100,
20236,180,100,
20042,180,100,
20031,180,100,
20119,180,100,
20111,180,100,
20138,180,100,
20131,180,100,
40019,180,100,
40045,180,100,
40062,180,100,
40063,180,100,
40064,180,100,
40053,180,100,
20159,180,110,
20155,180,110,
20162,180,110,
20184,180,110,
20194,180,110,
20190,180,110,
20206,180,110,
20264,180,110,
20258,180,110,
20276,180,110,
20249,180,110,
20039,180,110,
20030,180,110,
20044,180,110,
20035,180,110,
20037,180,110,
20054,180,110,
20108,180,110,
20079,180,110,
20084,180,110,
20089,180,110,
20149,180,110,
20150,180,110,
20099,180,110,
40023,180,110,
40046,180,110,
40027,180,110,
40035,180,110,
40048,180,110,
20211,180,120,
20220,180,120,
20170,180,120,
20194,180,120,
20266,180,120,
20268,180,120,
20005,180,120,
20011,180,120,
20024,180,120,
20018,180,120,
20003,180,120,
20019,180,120,
20017,180,120,
20046,180,120,
20051,180,120,
20071,180,120,
20066,180,120,
20107,180,120,
20109,180,120,
20133,180,120,
20147,180,120,
40016,180,120,
40013,180,120,
40058,180,120,
20217,180,130,
20215,180,130,
20225,180,130,
20193,180,130,
20281,180,130,
20013,180,130,
20036,180,130,
20049,180,130,
20064,180,130,
20110,180,130,
20122,180,130,
20121,180,130,
20082,180,130,
20139,180,130,
20123,180,130,
40044,180,130,
40059,180,130,
40061,180,130,
20154,180,140,
20169,180,140,
20153,180,140,
20168,180,140,
20202,180,140,
20205,180,140,
20273,180,140,
20279,180,140,
20278,180,140,
20287,180,140,
20023,180,140,
20029,180,140,
20118,180,140,
20114,180,140,
20077,180,140,
20097,180,140,
20134,180,140,
20125,180,140,
20098,180,140,
40038,180,140,
40026,180,140,
40060,180,140,
20213,180,150,
20229,180,150,
20168,180,150,
20195,180,150,
20275,180,150,
20261,180,150,
20271,180,150,
20269,180,150,
20280,180,150,
20284,180,150,
20243,180,150,
20241,180,150,
20244,180,150,
20014,180,150,
20033,180,150,
20065,180,150,
20106,180,150,
20115,180,150,
20078,180,150,
20080,180,150,
40021,180,150,
40069,180,150,
40032,180,150,
40067,180,150,
40052,180,150,
40056,180,150,
20214,180,160,
20208,180,160,
20207,180,160,
20160,180,160,
20181,180,160,
20258,180,160,
20274,180,160,
20255,180,160,
20009,180,160,
20018,180,160,
20043,180,160,
20075,180,160,
20091,180,160,
20090,180,160,
20130,180,160,
20100,180,160,
40030,180,160,
40031,180,160,
40054,180,160,
20168,180,170,
20204,180,170,
20275,180,170,
20244,180,170,
20027,180,170,
20036,180,170,
20043,180,170,
20069,180,170,
20129,180,170,
20100,180,170,
40058,180,170,
40056,180,170,
20179,180,180,
20188,180,180,
20277,180,180,
20006,180,180,
20234,180,180,
20247,180,180,
20025,180,180,
20070,180,180,
20062,180,180,
20065,180,180,
20116,180,180,
20090,180,180,
20145,180,180,
20144,180,180,
20149,180,180,
40042,180,180,
40043,180,180,
20164,180,190,
20192,180,190,
20203,180,190,
20265,180,190,
20262,180,190,
20253,180,190,
20048,180,190,
20074,180,190,
20105,180,190,
20081,180,190,
20096,180,190,
20124,180,190,
40037,180,190,
40040,180,190,
20216,180,200,
20224,180,200,
20212,180,200,
20174,180,200,
20263,180,200,
20282,180,200,
20021,180,200,
20045,180,200,
20038,180,200,
20032,180,200,
20048,180,200,
20060,180,200,
20073,180,200,
20062,180,200,
20112,180,200,
20113,180,200,
20092,180,200,
20136,180,200,
20139,180,200,
20151,180,200,
40022,180,200,
40033,180,200,
20219,180,210,
20209,180,210,
20223,180,210,
20158,180,210,
20165,180,210,
20203,180,210,
20240,180,210,
20034,180,210,
20056,180,210,
40041,180,210,
40040,180,210,
40050,180,210,
20226,180,220,
20207,180,220,
20160,180,220,
20198,180,220,
20254,180,220,
20118,180,220,
20130,180,220,
40001,180,220,
40063,180,220,
40064,180,220,
20178,180,230,
20189,180,230,
20259,180,230,
20024,180,230,
20057,180,230,
20110,180,230,
20141,180,230,
40036,180,230,
40050,180,230,
77703,140,,480
77728,170,,170
77729,170,,110
77703,170,,230
77727,170,,160
77703,170,20,
77703,170,110,
77728,170,150,
77728,170,160,
77730,170,180,
77729,170,230,
77729,180,,200
77727,180,,200
77703,180,40,
77729,180,100,
77730,180,170,
160024,110,230,
160029,110,,220
160021,140,30,
160020,140,90,
160009,140,160,
160032,140,70,
160044,140,160,
160039,140,190,
160002,140,60,
140099,140,70,
140094,140,180,
160045,140,,70
160033,140,,80
160041,140,,120
160031,140,,410
160003,140,,440
160027,140,,200
160043,140,,480
160031,170,40,
160029,170,140,
160028,170,150,
160028,170,170,
160029,170,170,
160030,170,200,
160017,170,40,
160014,170,50,
160021,170,60,
160022,170,70,
160023,170,70,
160018,170,90,
160026,170,100,
160004,170,100,
160016,170,110,
160007,170,110,
160027,170,120,
160025,170,120,
160013,170,140,
160011,170,140,
160019,170,150,
160005,170,160,
160008,170,180,
160024,170,190,
160010,170,200,
160006,170,200,
160006,170,220,
160010,170,230,
160039,170,20,
160043,170,20,
160043,170,40,
160003,170,40,
160040,170,40,
160012,170,80,
160044,170,80,
160038,170,90,
160042,170,100,
160041,170,110,
160012,170,130,
160037,170,130,
160046,170,140,
160034,170,150,
160036,170,150,
160015,170,160,
160045,170,160,
160033,170,180,
160035,170,200,
160040,170,220,
160038,170,230,
160001,170,210,
140002,170,10,
140101,170,40,
140097,170,50,
140004,170,70,
140099,170,80,
140004,170,80,
140095,170,120,
140096,170,120,
140098,170,160,
140003,170,190,
140100,170,200,
140101,170,210,
140003,170,230,
160004,170,,260
160042,170,,260
160037,170,,260
140098,170,,260
160032,170,,280
160036,170,,280
140099,170,,280
160012,170,,30
160011,170,,40
160016,170,,50
140095,170,,50
160030,170,,310
160024,170,,310
160017,170,,60
160023,170,,60
140101,170,,60
160019,170,,70
160020,170,,70
160026,170,,330
160031,170,,330
140004,170,,330
160044,170,,90
160002,170,,90
140002,170,,90
160019,170,,110
140003,170,,110
160038,170,,370
160014,170,,120
140096,170,,120
160006,170,,380
160018,170,,385
160005,170,,385
160015,170,,385
160040,170,,130
160034,170,,390
160010,170,,150
160009,170,,410
140094,170,,410
160021,170,,160
160043,170,,420
160028,170,,170
160006,170,,180
160007,170,,440
160039,170,,440
160046,170,,440
140097,170,,440
160028,170,,460
160041,170,,460
160002,170,,460
160008,170,,210
160001,170,,210
160013,170,,220
160025,170,,480
160002,170,,480
160003,170,,480
160025,170,,230
160022,170,,230
160035,170,,240
140100,170,,240
160029,180,70,
160031,180,150,
160028,180,160,
160030,180,210,
160002,180,10,
160006,180,20,
160017,180,20,
160014,180,40,
160006,180,40,
160021,180,40,
160025,180,60,
160026,180,60,
160023,180,90,
160005,180,100,
160011,180,100,
160002,180,110,
160009,180,110,
160019,180,120,
160020,180,130,
160018,180,150,
160024,180,150,
160008,180,150,
160007,180,160,
160022,180,160,
160007,180,170,
160004,180,180,
160016,180,180,
160017,180,200,
160002,180,220,
160002,180,230,
160019,180,230,
160012,180,30,
160035,180,40,
160036,180,40,
160038,180,50,
160034,180,70,
160044,180,70,
160036,180,80,
160032,180,90,
160045,180,90,
160015,180,100,
160043,180,110,
160046,180,120,
160039,180,130,
160003,180,140,
160037,180,140,
160041,180,140,
160033,180,160,
160042,180,180,
160012,180,190,
160040,180,200,
160045,180,220,
160001,180,170,
160001,180,190,
160001,180,230,
140094,180,20,
140097,180,20,
140097,180,40,
140100,180,50,
140094,180,60,
140095,180,100,
140098,180,110,
140003,180,130,
140002,180,140,
140099,180,160,
140004,180,160,
140004,180,170,
140100,180,190,
140096,180,200,
160025,180,,260
160003,180,,260
160021,180,,280
160039,180,,280
160028,180,,30
160037,180,,40
140095,180,,40
160012,180,,50
160009,180,,310
160022,180,,310
160033,180,,60
160043,180,,60
160023,180,,70
160010,180,,330
160004,180,,80
160042,180,,80
160005,180,,90
160015,180,,90
160006,180,,110
160036,180,,370
160008,180,,120
160044,180,,120
160007,180,,385
160035,180,,385
160017,180,,130
160011,180,,390
140094,180,,140
160034,180,,150
160026,180,,410
160046,180,,410
160001,180,,160
160029,180,,420
140004,180,,420
160041,180,,170
160002,180,,440
160038,180,,440
160032,180,,440
160045,180,,440
140099,180,,440
140094,180,,440
160024,180,,200
160014,180,,460
160026,180,,460
160039,180,,460
140002,180,,460
160020,180,,210
160031,180,,210
140101,180,,210
160016,180,,220
160014,180,,480
160018,180,,230
160040,180,,230
160030,180,,240
77726,170,,480
77716,170,,440
77711,170,,280
77708,170,,480
77720,170,,410
77712,170,,380
77717,170,,200
77718,170,,60
77721,170,,310
77704,170,,460
77701,170,,440
77723,170,,30
77724,170,,370
77726,170,,260
77725,170,,150
77706,170,,200
77708,170,,440
77709,170,,130
77705,170,,70
77722,170,,240
77707,170,,390
77710,170,,210
77719,170,,140
77702,170,,10
77709,170,,460
77722,170,,480
77713,170,,390
77707,170,30,
77707,170,40,
77710,170,40,
77708,170,50,
77718,170,60,
77716,170,70,
77721,170,80,
77724,170,80,
77704,170,90,
77711,170,90,
77721,170,90,
77713,170,100,
77717,170,100,
77727,170,120,
77725,170,130,
77706,170,130,
77720,170,140,
77726,170,140,
77705,170,150,
77722,170,160,
77702,170,160,
77701,170,170,
77712,170,170,
77726,170,170,
77714,170,180,
77719,170,200,
77709,170,200,
77715,170,200,
77724,170,210,
77701,170,210,
77723,170,210,
77725,170,220,
77727,170,220,
77719,180,,410
77718,180,,220
77713,180,,10
77720,180,,170
77722,180,,460
77717,180,,110
77707,180,,30
77711,180,,390
77704,180,,90
77726,180,,160
77710,180,20,
77718,180,40,
77709,180,50,
77722,180,70,
77721,180,70,
77724,180,90,
77705,180,90,
77710,180,110,
77720,180,120,
77719,180,130,
77716,180,130,
77711,180,140,
77707,180,140,
77702,180,150,
77701,180,160,
77727,180,160,
77717,180,170,
77723,180,180,
77704,180,180,
77726,180,200,
77708,180,200,
77713,180,210,
77706,180,210,
77712,180,210,
77713,180,230,
40141,110,,40
40074,110,,330
40089,110,,370
40119,110,,440
40193,110,,260
40188,110,,70
40150,110,,80
40162,110,,170
40156,110,,230
80018,110,,50
80006,110,,150
140091,110,,310
140048,110,,90
140081,110,,110
140080,110,,420
60013,110,,200
60035,110,,440
60031,110,,240
60026,110,,100
60029,110,,30
40180,110,10,
60020,110,20,
80031,110,60,
40146,110,130,
40133,110,210,
40107,140,,20
40097,140,,390
40122,140,,410
40111,140,,160
40102,140,,210
40131,140,,220
40076,140,,480
40211,140,,310
40006,140,,310
40181,140,,110
40202,140,,420
40004,140,,440
40171,140,,200
10000010,140,,20
80011,140,,60
80029,140,,330
10000001,140,,110
80037,140,,370
10000006,140,,140
80039,140,,180
80027,140,,440
80035,140,,480
80012,140,,230
140007,140,,10
140082,140,,280
140033,140,,30
140049,140,,80
140093,140,,390
140077,140,,430
10000013,140,,440
140079,140,,440
140086,140,,220
60033,140,,230
40165,140,20,
140061,140,20,
40159,140,30,
40179,140,40,
40163,140,40,
140072,140,40,
140016,140,50,
40157,140,60,
140040,140,60,
40210,140,70,
40134,140,80,
10000012,140,80,
140069,140,80,
40160,140,100,
80021,140,100,
140062,140,100,
40117,140,110,
10000005,140,110,
140023,140,110,
60023,140,110,
40204,140,120,
80041,140,120,
140056,140,120,
80012,140,130,
140055,140,130,
40184,140,140,
40218,140,140,
40120,140,150,
140044,140,150,
40149,140,170,
80023,140,170,
60041,140,180,
40087,140,190,
40127,140,200,
80018,140,200,
60043,140,210,
40100,140,220,
40072,140,220,
80009,140,220,
60033,140,220,
40145,140,230,
10000011,140,230,
40124,170,,260
40118,170,,10
40109,170,,20
40085,170,,20
40098,170,,280
40096,170,,280
40115,170,,280
40104,170,,30
40121,170,,30
40084,170,,40
40091,170,,50
40117,170,,310
40136,170,,310
40086,170,,310
40134,170,,60
40123,170,,60
40103,170,,70
40114,170,,70
40092,170,,330
40133,170,,330
40087,170,,330
40137,170,,90
40088,170,,90
40120,170,,100
40071,170,,100
40138,170,,110
40083,170,,120
40074,170,,380
40128,170,,385
40080,170,,390
40106,170,,150
40129,170,,150
40112,170,,410
40097,170,,410
40143,170,,410
40094,170,,160
40142,170,,160
40126,170,,160
40085,170,,160
40101,170,,420
40078,170,,420
40088,170,,420
40139,170,,170
40122,170,,430
40093,170,,440
40095,170,,440
40105,170,,440
40099,170,,440
40116,170,,440
40100,170,,440
40077,170,,440
40079,170,,440
40081,170,,440
40097,170,,460
40139,170,,460
40085,170,,460
40087,170,,460
40141,170,,210
40130,170,,210
40125,170,,210
40127,170,,210
40108,170,,220
40113,170,,220
40092,170,,480
40107,170,,480
40143,170,,480
40141,170,,480
40072,170,,480
40110,170,,230
40135,170,,230
40072,170,,230
40075,170,,230
40132,170,,240
40082,170,,240
40076,170,,240
40174,170,,260
40183,170,,260
40215,170,,260
40201,170,,260
40168,170,,260
40152,170,,260
40203,170,,10
40176,170,,20
40169,170,,20
40210,170,,280
40197,170,,280
40163,170,,280
40217,170,,30
40149,170,,50
40179,170,,310
40198,170,,310
40180,170,,60
40199,170,,60
40153,170,,60
40159,170,,60
40166,170,,80
40182,170,,90
40145,170,,100
40178,170,,110
40194,170,,110
40169,170,,120
40214,170,,120
40148,170,,380
40172,170,,385
40175,170,,385
40212,170,,385
40181,170,,130
40200,170,,130
40159,170,,130
40186,170,,140
40196,170,,140
40195,170,,140
40144,170,,150
40189,170,,410
40205,170,,410
40206,170,,410
40151,170,,420
40154,170,,180
40177,170,,440
40191,170,,440
40216,170,,440
40207,170,,440
40167,170,,440
40184,170,,200
40179,170,,200
40188,170,,460
40162,170,,460
40156,170,,460
40005,170,,460
40190,170,,210
40165,170,,210
40161,170,,210
40160,170,,210
40146,170,,210
40185,170,,220
40204,170,,220
40209,170,,480
40215,170,,480
40152,170,,480
40149,170,,480
40156,170,,480
40148,170,,480
40145,170,,480
40193,170,,480
40195,170,,480
40147,170,,240
40148,170,,240
60003,170,,260
80021,170,,260
80008,170,,260
10000010,170,,260
80034,170,,10
80010,170,,20
80028,170,,280
80005,170,,30
60009,170,,40
80023,170,,40
60011,170,,310
60041,170,,310
80025,170,,310
80038,170,,310
60039,170,,60
60044,170,,60
80013,170,,60
10000003,170,,60
60008,170,,70
80031,170,,70
60037,170,,80
80032,170,,80
80041,170,,90
10000005,170,,90
80020,170,,100
10000005,170,,100
60038,170,,110
80033,170,,110
10000006,170,,370
60040,170,,120
80036,170,,120
80017,170,,380
60037,170,,130
80016,170,,390
60043,170,,140
80009,170,,140
80002,170,,150
80014,170,,410
80030,170,,160
10000008,170,,160
80007,170,,420
80040,170,,170
10000009,170,,170
80039,170,,430
10000009,170,,180
60007,170,,440
80026,170,,440
80015,170,,440
80003,170,,440
10000009,170,,440
10000007,170,,440
10000010,170,,200
80002,170,,460
80014,170,,460
80020,170,,460
10000008,170,,460
10000010,170,,460
60010,170,,210
80024,170,,210
80019,170,,210
60006,170,,220
80018,170,,480
80004,170,,480
80021,170,,480
80001,170,,480
80035,170,,230
80004,170,,240
140067,170,,10
10000022,170,,10
140032,170,,20
140090,170,,280
140066,170,,30
140050,170,,30
10000012,170,,30
140051,170,,40
140036,170,,50
140065,170,,310
140075,170,,310
140018,170,,60
140047,170,,60
140057,170,,60
140013,170,,70
140089,170,,70
140085,170,,80
140067,170,,90
140009,170,,100
140074,170,,100
140088,170,,110
140008,170,,370
140043,170,,120
140040,170,,120
140038,170,,130
140037,170,,130
10000023,170,,130
140072,170,,130
140001,170,,390
140024,170,,140
140076,170,,140
140083,170,,140
140008,170,,150
140026,170,,150
140078,170,,410
140044,170,,160
10000021,170,,420
140063,170,,180
140020,170,,440
140021,170,,440
140006,170,,440
140041,170,,440
140059,170,,440
140068,170,,440
140087,170,,440
140071,170,,200
140021,170,,460
140022,170,,460
140016,170,,460
140050,170,,460
140068,170,,460
140071,170,,460
10000011,170,,210
140084,170,,210
140070,170,,210
140010,170,,220
10000021,170,,220
10000011,170,,480
10000013,170,,480
140092,170,,230
140073,170,,230
40010,170,,10
40007,170,,70
40008,170,,160
40008,170,,480
60004,170,,460
60012,170,,150
60013,170,,380
60005,170,,60
60014,170,,420
60013,170,,430
60004,170,,30
60001,170,,260
60001,170,,480
60036,170,,385
60036,170,,440
60017,170,,410
60023,170,,90
60032,170,,150
60018,170,,120
60022,170,,460
60015,170,,280
60016,170,,210
60022,170,,140
60028,170,,20
60021,170,,50
60019,170,,150
60031,170,,480
60033,170,,480
60020,170,,460
60027,170,,120
60025,170,,440
60020,170,,170
60024,170,,10
60030,170,,370
60030,170,,330
40117,170,10,
40098,170,10,
40135,170,10,
40088,170,10,
40072,170,10,
40191,170,10,
40213,170,10,
40218,170,10,
40200,170,10,
40199,170,10,
40154,170,10,
60011,170,10,
60008,170,10,
10000005,170,10,
140007,170,10,
140057,170,10,
140056,170,10,
140043,170,10,
140026,170,10,
140053,170,10,
60023,170,10,
40081,170,20,
40182,170,20,
40199,170,20,
40156,170,20,
40192,170,20,
80027,170,20,
80002,170,20,
80015,170,20,
140017,170,20,
10000023,170,20,
140071,170,20,
140083,170,20,
60033,170,20,
60024,170,20,
40093,170,30,
40120,170,30,
40125,170,30,
40121,170,30,
40080,170,30,
40215,170,30,
80039,170,30,
140015,170,30,
140055,170,30,
140031,170,30,
10000014,170,30,
140070,170,30,
140072,170,30,
140068,170,30,
60013,170,30,
60029,170,30,
40093,170,40,
40112,170,40,
40125,170,40,
40121,170,40,
40182,170,40,
40192,170,40,
40174,170,40,
40217,170,40,
40215,170,40,
40156,170,40,
40162,170,40,
40148,170,40,
40159,170,40,
40007,170,40,
80040,170,40,
80035,170,40,
80039,170,40,
80037,170,40,
80015,170,40,
80017,170,40,
10000006,170,40,
10000010,170,40,
10000008,170,40,
140093,170,40,
140017,170,40,
140050,170,40,
140058,170,40,
140049,170,40,
140078,170,40,
140068,170,40,
140070,170,40,
140071,170,40,
140079,170,40,
60013,170,40,
60004,170,40,
60020,170,40,
60033,170,40,
60029,170,40,
40119,170,50,
40111,170,50,
40081,170,50,
40186,170,50,
40216,170,50,
80027,170,50,
80002,170,50,
80005,170,50,
140021,170,50,
140031,170,50,
10000013,170,50,
140086,170,50,
60012,170,50,
60036,170,50,
40143,170,60,
40141,170,60,
40137,170,60,
40080,170,60,
80025,170,60,
10000002,170,60,
140092,170,60,
60032,170,60,
60031,170,60,
40101,170,70,
40105,170,70,
40140,170,70,
40083,170,70,
40084,170,70,
40203,170,70,
40166,170,70,
60041,170,70,
60003,170,70,
80011,170,70,
140025,170,70,
140039,170,70,
140029,170,70,
140052,170,70,
140047,170,70,
10000012,170,70,
40010,170,70,
40115,170,80,
40117,170,80,
40137,170,80,
40153,170,80,
60039,170,80,
60042,170,80,
80024,170,80,
80008,170,80,
140019,170,80,
10000019,170,80,
140076,170,80,
40010,170,80,
40094,170,90,
40102,170,90,
40097,170,90,
40079,170,90,
40177,170,90,
40190,170,90,
40173,170,90,
40206,170,90,
40197,170,90,
80004,170,90,
140011,170,90,
140045,170,90,
140051,170,90,
140060,170,90,
10000020,170,90,
140090,170,90,
140087,170,90,
40008,170,90,
60034,170,90,
40116,170,100,
40110,170,100,
40104,170,100,
40075,170,100,
40073,170,100,
40207,170,100,
40168,170,100,
40145,170,100,
80033,170,100,
80032,170,100,
80003,170,100,
140054,170,100,
140059,170,100,
140048,170,100,
10000016,170,100,
10000011,170,100,
140074,170,100,
140081,170,100,
60014,170,100,
60037,170,100,
60030,170,100,
40098,170,110,
40107,170,110,
40135,170,110,
40072,170,110,
40078,170,110,
40180,170,110,
40191,170,110,
40178,170,110,
40205,170,110,
40198,170,110,
40214,170,110,
40213,170,110,
40154,170,110,
80026,170,110,
80038,170,110,
80036,170,110,
80014,170,110,
140064,170,110,
140066,170,110,
140009,170,110,
140026,170,110,
140053,170,110,
140032,170,110,
10000021,170,110,
10000011,170,110,
140080,170,110,
140083,170,110,
140075,170,110,
60012,170,110,
60035,170,110,
60026,170,110,
60019,170,110,
60015,170,110,
40091,170,120,
40109,170,120,
40136,170,120,
40088,170,120,
40175,170,120,
40202,170,120,
40200,170,120,
40167,170,120,
40169,170,120,
40153,170,120,
40161,170,120,
40157,170,120,
40005,170,120,
60008,170,120,
60011,170,120,
80024,170,120,
80013,170,120,
10000009,170,120,
140019,170,120,
140013,170,120,
140007,170,120,
140041,170,120,
60022,170,120,
40096,170,130,
40106,170,130,
40113,170,130,
40108,170,130,
40131,170,130,
40142,170,130,
40086,170,130,
40185,170,130,
40212,170,130,
40209,170,130,
40155,170,130,
60010,170,130,
80009,170,130,
140065,170,130,
140015,170,130,
140036,170,130,
10000013,170,130,
140069,170,130,
140084,170,130,
40009,170,130,
60034,170,130,
40132,170,140,
40134,170,140,
40077,170,140,
40074,170,140,
40176,170,140,
40189,170,140,
40208,170,140,
40201,170,140,
40195,170,140,
60009,170,140,
80029,170,140,
80034,170,140,
80007,170,140,
140091,170,140,
140035,170,140,
10000018,170,140,
140077,170,140,
140073,170,140,
60017,170,140,
60028,170,140,
40090,170,150,
40103,170,150,
40100,170,150,
40122,170,150,
40139,170,150,
40123,170,150,
40085,170,150,
40170,170,150,
40192,170,150,
40196,170,150,
40165,170,150,
40194,170,150,
40004,170,150,
80023,170,150,
80006,170,150,
80019,170,150,
10000007,170,150,
10000003,170,150,
140012,170,150,
140010,170,150,
140089,170,150,
60037,170,150,
60027,170,150,
40118,170,160,
40092,170,160,
40114,170,160,
40129,170,160,
40128,170,160,
40183,170,160,
40199,170,160,
40164,170,160,
40149,170,160,
60040,170,160,
60038,170,160,
80016,170,160,
80020,170,160,
140006,170,160,
10000019,170,160,
10000022,170,160,
140088,170,160,
60021,170,160,
40118,170,170,
40077,170,170,
40176,170,170,
40150,170,170,
40158,170,170,
40194,170,170,
60007,170,170,
60006,170,170,
80035,170,170,
10000007,170,170,
140006,170,170,
140010,170,170,
10000013,170,170,
40099,170,180,
40126,170,180,
40171,170,180,
40211,170,180,
40150,170,180,
80022,170,180,
140063,170,180,
140082,170,180,
60025,170,180,
40144,170,190,
40138,170,190,
40089,170,190,
40181,170,190,
40147,170,190,
80010,170,190,
140014,170,190,
140076,170,190,
60001,170,190,
60031,170,190,
40124,170,200,
40130,170,200,
40082,170,200,
40076,170,200,
40187,170,200,
40151,170,200,
40158,170,200,
40152,170,200,
40006,170,200,
60044,170,200,
80030,170,200,
80037,170,200,
80008,170,200,
140008,170,200,
140085,170,200,
60005,170,200,
60016,170,200,
60018,170,200,
40095,170,210,
40115,170,210,
40188,170,210,
40193,170,210,
80028,170,210,
10000006,170,210,
10000001,170,210,
10000023,170,210,
60002,170,210,
40099,170,220,
40136,170,220,
40130,170,220,
40175,170,220,
40171,170,220,
40202,170,220,
40207,170,220,
40169,170,220,
80021,170,220,
80022,170,220,
140038,170,220,
10000021,170,220,
140085,170,220,
140074,170,220,
140082,170,220,
60015,170,220,
40143,170,230,
40131,170,230,
40087,170,230,
40080,170,230,
40004,170,230,
80035,170,230,
140042,170,230,
60012,170,230,
60018,170,230,
60022,170,230,
40091,180,,260
40075,180,,260
40082,180,,260
40097,180,,10
40087,180,,10
40105,180,,20
40120,180,,20
40100,180,,280
40117,180,,280
40080,180,,280
40109,180,,30
40077,180,,50
40092,180,,310
40110,180,,310
40112,180,,310
40128,180,,310
40072,180,,310
40092,180,,60
40104,180,,60
40121,180,,60
40137,180,,70
40123,180,,70
40099,180,,330
40131,180,,330
40074,180,,80
40095,180,,90
40078,180,,90
40096,180,,100
40116,180,,100
40074,180,,100
40108,180,,110
40118,180,,120
40107,180,,120
40115,180,,385
40140,180,,385
40079,180,,385
40081,180,,385
40086,180,,390
40102,180,,140
40138,180,,140
40143,180,,150
40126,180,,150
40127,180,,150
40139,180,,150
40113,180,,410
40081,180,,170
40093,180,,430
40111,180,,440
40097,180,,440
40133,180,,440
40088,180,,440
40087,180,,440
40076,180,,440
40089,180,,440
40084,180,,200
40096,180,,460
40109,180,,460
40104,180,,460
40084,180,,460
40093,180,,210
40103,180,,210
40108,180,,210
40134,180,,210
40071,180,,210
40096,180,,220
40082,180,,480
40132,180,,230
40124,180,,240
40074,180,,240
40209,180,,260
40202,180,,260
40145,180,,260
40148,180,,260
40218,180,,260
40005,180,,20
40212,180,,280
40204,180,,280
40211,180,,280
40160,180,,280
40152,180,,280
40213,180,,30
40005,180,,30
40149,180,,40
40167,180,,50
40194,180,,50
40195,180,,50
40199,180,,310
40182,180,,60
40170,180,,60
40179,180,,60
40187,180,,60
40175,180,,330
40146,180,,330
40150,180,,330
40217,180,,90
40168,180,,100
40190,180,,110
40188,180,,120
40180,180,,120
40161,180,,120
40173,180,,385
40196,180,,390
40198,180,,140
40216,180,,150
40200,180,,410
40165,180,,410
40156,180,,160
40189,180,,420
40214,180,,420
40171,180,,170
40209,180,,170
40175,180,,430
40183,180,,180
40151,180,,180
40186,180,,440
40176,180,,440
40205,180,,440
40215,180,,440
40155,180,,440
40153,180,,440
40005,180,,440
40193,180,,200
40215,180,,460
40209,180,,460
40144,180,,460
40154,180,,460
40177,180,,210
40185,180,,210
40197,180,,210
40163,180,,210
40178,180,,220
40203,180,,220
40147,180,,220
40147,180,,480
40191,180,,230
40157,180,,230
40004,180,,230
40215,180,,240
40144,180,,240
80004,180,,260
80016,180,,260
80020,180,,20
80024,180,,280
60007,180,,30
80014,180,,30
60003,180,,40
80022,180,,40
80003,180,,50
80014,180,,50
60009,180,,310
80032,180,,310
60008,180,,60
80030,180,,60
10000006,180,,60
80009,180,,70
80041,180,,330
80031,180,,80
60039,180,,90
80011,180,,90
60044,180,,100
80033,180,,100
80026,180,,110
80029,180,,370
80034,180,,120
80015,180,,380
80025,180,,130
80022,180,,130
80028,180,,390
60042,180,,140
80017,180,,140
10000003,180,,140
60043,180,,150
80040,180,,150
80007,180,,150
60006,180,,410
80006,180,,410
80018,180,,160
80013,180,,420
80036,180,,170
80035,180,,430
80012,180,,180
80002,180,,440
80023,180,,440
80005,180,,440
80008,180,,440
80039,180,,200
80040,180,,460
80001,180,,460
80021,180,,460
60011,180,,210
80015,180,,210
80001,180,,210
10000006,180,,210
60009,180,,480
80012,180,,480
80019,180,,230
80037,180,,240
140083,180,,260
140073,180,,260
140009,180,,10
140032,180,,10
140049,180,,20
140075,180,,280
140074,180,,280
140017,180,,30
140043,180,,30
140088,180,,30
140059,180,,50
140027,180,,50
140001,180,,310
140078,180,,310
140043,180,,60
140028,180,,60
140053,180,,60
140078,180,,60
140028,180,,70
140085,180,,70
140057,180,,80
140089,180,,80
140091,180,,90
140050,180,,90
140053,180,,100
140072,180,,100
140016,180,,110
140051,180,,110
140030,180,,110
140093,180,,370
140019,180,,120
140049,180,,120
140077,180,,380
140070,180,,380
140076,180,,385
140023,180,,130
140047,180,,130
140020,180,,140
140049,180,,150
140080,180,,150
140090,180,,410
140079,180,,160
140071,180,,170
140088,180,,430
140079,180,,180
140091,180,,440
140065,180,,440
140016,180,,440
140034,180,,440
140046,180,,440
140086,180,,440
140070,180,,440
140090,180,,200
140017,180,,460
140032,180,,460
140046,180,,460
140033,180,,460
140083,180,,240
40010,180,,30
40007,180,,140
40008,180,,440
60012,180,,140
60002,180,,420
60002,180,,30
60002,180,,460
60013,180,,20
60002,180,,430
60014,180,,220
60005,180,,100
60001,180,,200
60001,180,,460
60034,180,,10
60034,180,,110
60035,180,,385
60033,180,,240
60023,180,,60
60024,180,,70
60022,180,,150
60016,180,,310
60033,180,,460
60032,180,,260
60021,180,,440
60028,180,,120
60021,180,,230
60030,180,,280
60024,180,,130
60029,180,,120
60025,180,,50
60021,180,,480
60031,180,,260
60026,180,,440
60027,180,,370
60032,180,,210
60028,180,,440
60033,180,,330
40101,180,10,
40114,180,10,
40143,180,10,
40128,180,10,
40078,180,10,
40074,180,10,
40079,180,10,
40178,180,10,
40205,180,10,
40159,180,10,
40149,180,10,
40153,180,10,
40195,180,10,
40005,180,10,
60039,180,10,
140064,180,10,
140022,180,10,
140009,180,10,
140041,180,10,
140058,180,10,
140046,180,10,
10000011,180,10,
140069,180,10,
60017,180,10,
60032,180,10,
40095,180,20,
40111,180,20,
40121,180,20,
40074,180,20,
40076,180,20,
60044,180,20,
60010,180,20,
80034,180,20,
80038,180,20,
80005,180,20,
140066,180,20,
140062,180,20,
140021,180,20,
10000011,180,20,
60005,180,20,
60030,180,20,
40092,180,30,
40182,180,30,
40161,180,30,
40163,180,30,
80035,180,30,
80037,180,30,
80012,180,30,
10000008,180,30,
140033,180,30,
140046,180,30,
140086,180,30,
40007,180,30,
60002,180,30,
60033,180,30,
40096,180,40,
40115,180,40,
40120,180,40,
40133,180,40,
40071,180,40,
40080,180,40,
40187,180,40,
40177,180,40,
40186,180,40,
40188,180,40,
40181,180,40,
40199,180,40,
40165,180,40,
40158,180,40,
40005,180,40,
60010,180,40,
80029,180,40,
80034,180,40,
80012,180,40,
80001,180,40,
140066,180,40,
140064,180,40,
140011,180,40,
140015,180,40,
140055,180,40,
140046,180,40,
140033,180,40,
140061,180,40,
140027,180,40,
10000014,180,40,
10000011,180,40,
10000023,180,40,
140083,180,40,
60026,180,40,
60022,180,40,
60024,180,40,
60027,180,40,
40093,180,50,
40207,180,50,
40210,180,50,
40213,180,50,
40165,180,50,
40161,180,50,
40004,180,50,
60007,180,50,
80035,180,50,
80039,180,50,
80003,180,50,
10000008,180,50,
140062,180,50,
140054,180,50,
140041,180,50,
140059,180,50,
60025,180,50,
40119,180,60,
40136,180,60,
40079,180,60,
40197,180,60,
40168,180,60,
40152,180,60,
80026,180,60,
80015,180,60,
10000006,180,60,
140016,180,60,
60035,180,60,
60036,180,60,
40099,180,70,
40137,180,70,
40123,180,70,
40134,180,70,
40179,180,70,
40176,180,70,
40201,180,70,
40196,180,70,
40148,180,70,
40006,180,70,
80001,180,70,
10000010,180,70,
140090,180,70,
140092,180,70,
140093,180,70,
140020,180,70,
140053,180,70,
140071,180,70,
60002,180,70,
60021,180,70,
40108,180,80,
40141,180,80,
40196,180,80,
40210,180,80,
40192,180,80,
60041,180,80,
80026,180,80,
80011,180,80,
10000001,180,80,
140090,180,80,
140026,180,80,
140052,180,80,
60035,180,80,
40101,180,90,
40140,180,90,
40073,180,90,
40074,180,90,
40184,180,90,
40174,180,90,
40211,180,90,
40166,180,90,
80020,180,90,
10000009,180,90,
140019,180,90,
140025,180,90,
140061,180,90,
140072,180,90,
140081,180,90,
140084,180,90,
140073,180,90,
40009,180,90,
60031,180,90,
40094,180,100,
40139,180,100,
40131,180,100,
40191,180,100,
40214,180,100,
40212,180,100,
40205,180,100,
40208,180,100,
40151,180,100,
60011,180,100,
60044,180,100,
80038,180,100,
80036,180,100,
80006,180,100,
80007,180,100,
140067,180,100,
140010,180,100,
140012,180,100,
140031,180,100,
140047,180,100,
140042,180,100,
60005,180,100,
60028,180,100,
40095,180,110,
40116,180,110,
40105,180,110,
40122,180,110,
40143,180,110,
40127,180,110,
40129,180,110,
40088,180,110,
40200,180,110,
40159,180,110,
40153,180,110,
40195,180,110,
60039,180,110,
60011,180,110,
60008,180,110,
80032,180,110,
80024,180,110,
80030,180,110,
80019,180,110,
10000001,180,110,
10000007,180,110,
140017,180,110,
140006,180,110,
140007,180,110,
140030,180,110,
140056,180,110,
140058,180,110,
140034,180,110,
140057,180,110,
10000013,180,110,
60001,180,110,
60016,180,110,
60032,180,110,
40098,180,120,
40108,180,120,
40128,180,120,
40141,180,120,
40135,180,120,
40089,180,120,
40081,180,120,
40083,180,120,
40190,180,120,
40173,180,120,
40172,180,120,
40218,180,120,
60038,180,120,
80025,180,120,
80004,180,120,
80011,180,120,
140091,180,120,
140065,180,120,
140008,180,120,
140016,180,120,
140021,180,120,
140077,180,120,
140080,180,120,
40008,180,120,
60020,180,120,
60023,180,120,
40097,180,130,
40110,180,130,
40104,180,130,
40102,180,130,
40182,180,130,
40178,180,130,
40203,180,130,
40206,180,130,
40147,180,130,
40145,180,130,
40160,180,130,
40162,180,130,
60006,180,130,
80017,180,130,
80008,180,130,
10000001,180,130,
140013,180,130,
140087,180,130,
60027,180,130,
40114,180,140,
40117,180,140,
40100,180,140,
40121,180,140,
40122,180,140,
40082,180,140,
40217,180,140,
40149,180,140,
40163,180,140,
40194,180,140,
60006,180,140,
80031,180,140,
80023,180,140,
80013,180,140,
10000005,180,140,
140088,180,140,
60012,180,140,
60029,180,140,
40091,180,150,
40126,180,150,
40077,180,150,
40076,180,150,
40083,180,150,
40087,180,150,
40075,180,150,
40171,180,150,
40167,180,150,
40154,180,150,
60039,180,150,
80027,180,150,
80041,180,150,
80016,180,150,
10000006,180,150,
140063,180,150,
140035,180,150,
140086,180,150,
140075,180,150,
140078,180,150,
60019,180,150,
40103,180,160,
40124,180,160,
40130,180,160,
40175,180,160,
40189,180,160,
40180,180,160,
40209,180,160,
40155,180,160,
60007,180,160,
80030,180,160,
80021,180,160,
10000003,180,160,
10000007,180,160,
140082,180,160,
60024,180,160,
40144,180,170,
40076,180,170,
40175,180,170,
40183,180,170,
80016,180,170,
10000011,180,170,
140073,180,170,
60035,180,170,
60033,180,170,
40109,180,180,
40107,180,180,
40185,180,180,
40204,180,180,
40157,180,180,
40156,180,180,
40193,180,180,
60040,180,180,
80018,180,180,
80010,180,180,
140089,180,180,
140085,180,180,
60014,180,180,
60017,180,180,
40084,180,190,
40178,180,190,
40146,180,190,
40192,180,190,
60009,180,190,
60015,180,190,
40090,180,200,
40095,180,200,
40113,180,200,
40132,180,200,
40138,180,200,
40085,180,200,
40086,180,200,
40078,180,200,
40183,180,200,
40198,180,200,
40164,180,200,
40150,180,200,
40144,180,200,
60043,180,200,
80028,180,200,
80033,180,200,
80014,180,200,
80009,180,200,
140074,180,200,
140076,180,200,
60004,180,200,
60030,180,200,
40112,180,210,
40170,180,210,
40215,180,210,
40216,180,210,
60003,180,210,
80002,180,210,
140033,180,210,
10000011,180,210,
10000021,180,210,
10000017,180,210,
60001,180,210,
40094,180,220,
40093,180,220,
40116,180,220,
40109,180,220,
40106,180,220,
40137,180,220,
40087,180,220,
40085,180,220,
40209,180,220,
80002,180,220,
80030,180,220,
80005,180,220,
140007,180,220,
10000015,180,220,
60034,180,220,
60019,180,220,
40191,180,230,
40196,180,230,
60042,180,230,
60044,180,230,
80017,180,230,
10000010,180,230,
140008,180,230,
140089,180,230,
60005,180,230,
60014,180,230,